{
  "max_pos": [
    12.049999999999999,
    -0.125
  ],
  "min_pos": [
    0.049999999999998934,
    -6.000000000000001
  ],
  "grid_size": 1.0,
  "grid_count": [
    12,
    6
  ],
  "radius": 0.7071067811865476,
  "obs_types": [
    [
      "area1_wall",
      16750899
    ],
    [
      "area2_wall",
      2979328
    ],
    [
      "area23_wall",
      8453888
    ],
    [
      "area3_wall",
      16776960
    ],
    [
      "ignore",
      8421504
    ]
  ],
  "spt_types": [
    [
      "field",
      7612
    ],
    [
      "slope",
      8421504
    ]
  ],
  "obs_lines": [
    [
      0.049999999999998934,
      -6.000000000000001,
      0.0,
      5.875000000000001,
      0
    ],
    [
      0.049999999999998934,
      -6.000000000000001,
      2.6000000000000014,
      0.0,
      0
    ],
    [
      0.049999999999998934,
      -2.3999999999999995,
      2.6000000000000014,
      0.0,
      0
    ],
    [
      2.6500000000000004,
      -5.000000000000001,
      0.0,
      4.875000000000001,
      0
    ],
    [
      0.29999999999999893,
      -0.75,
      -0.25,
      0.0,
      0
    ],
    [
      7.05,
      -6.000000000000001,
      -4.3999999999999995,
      0.0,
      1
    ],
    [
      4.55,
      -2.3999999999999995,
      0.0,
      -3.6000000000000014,
      1
    ],
    [
      4.55,
      -2.3999999999999995,
      -1.8999999999999995,
      0.0,
      1
    ],
    [
      8.05,
      -0.125,
      0.0,
      -1.0750000000000002,
      1
    ],
    [
      7.05,
      -2.2,
      1.0000000000000009,
      0.0,
      4
    ],
    [
      8.05,
      -2.2,
      0.0,
      -3.8000000000000007,
      2
    ],
    [
      12.049999999999999,
      -0.125,
      0.0,
      -3.625000000000001,
      3
    ],
    [
      12.049999999999999,
      -6.000000000000001,
      -3.9999999999999982,
      0.0,
      2
    ],
    [
      12.049999999999999,
      -6.000000000000001,
      0.0,
      2.25,
      2
    ],
    [
      12.049999999999999,
      -0.125,
      -3.9999999999999982,
      0.0,
      3
    ],
    [
      2.6500000000000004,
      -5.000000000000001,
      0.0,
      -1.0,
      4
    ],
    [
      2.6500000000000004,
      -5.000000000000001,
      -1.0,
      0.0,
      4
    ],
    [
      1.6500000000000004,
      -5.000000000000001,
      0.0,
      -1.0,
      4
    ],
    [
      8.05,
      -2.2,
      0.0,
      1.0,
      4
    ],
    [
      7.05,
      -1.2000000000000002,
      1.0000000000000009,
      0.0,
      4
    ],
    [
      7.05,
      -2.2,
      0.0,
      1.0,
      4
    ],
    [
      8.05,
      -3.750000000000001,
      3.9999999999999982,
      0.0,
      4
    ],
    [
      8.05,
      -2.750000000000001,
      3.9999999999999982,
      0.0,
      4
    ],
    [
      2.6500000000000004,
      -6.000000000000001,
      -1.0,
      0.0,
      4
    ]
  ],
  "spt_lines": [
    [
      0.049999999999998934,
      -5.1000000000000005,
      0.7000000000000011,
      0.0,
      0
    ],
    [
      0.049999999999998934,
      -4.3999999999999995,
      0.7000000000000011,
      0.0,
      0
    ],
    [
      0.75,
      -5.1000000000000005,
      0.0,
      0.7000000000000011,
      0
    ],
    [
      0.049999999999998934,
      -5.1000000000000005,
      0.0,
      0.7000000000000011,
      0
    ],
    [
      0.049999999999998934,
      -5.8500000000000005,
      0.7000000000000011,
      0.0,
      0
    ],
    [
      0.049999999999998934,
      -5.1499999999999995,
      0.7000000000000011,
      0.0,
      0
    ],
    [
      0.75,
      -5.8500000000000005,
      0.0,
      0.7000000000000011,
      0
    ],
    [
      0.049999999999998934,
      -5.8500000000000005,
      0.0,
      0.7000000000000011,
      0
    ],
    [
      5.199999999999999,
      -6.000000000000001,
      0.7000000000000002,
      0.0,
      0
    ],
    [
      5.199999999999999,
      -5.3,
      0.7000000000000002,
      0.0,
      0
    ],
    [
      5.8999999999999995,
      -6.000000000000001,
      0.0,
      0.7000000000000011,
      0
    ],
    [
      5.199999999999999,
      -6.000000000000001,
      0.0,
      0.7000000000000011,
      0
    ],
    [
      -0.0,
      -6.05,
      12.1,
      0.0,
      0
    ],
    [
      -0.0,
      -6.05,
      0.0,
      12.1,
      0
    ],
    [
      12.1,
      -6.05,
      0.0,
      12.1,
      0
    ],
    [
      7.05,
      -2.2,
      1.0000000000000009,
      0.0,
      1
    ],
    [
      2.6500000000000004,
      -5.000000000000001,
      0.0,
      -1.0,
      1
    ],
    [
      2.6500000000000004,
      -5.000000000000001,
      -1.0,
      0.0,
      1
    ],
    [
      1.6500000000000004,
      -5.000000000000001,
      0.0,
      -1.0,
      1
    ],
    [
      8.05,
      -2.2,
      0.0,
      1.0,
      1
    ],
    [
      7.05,
      -1.2000000000000002,
      1.0000000000000009,
      0.0,
      1
    ],
    [
      7.05,
      -2.2,
      0.0,
      1.0,
      1
    ],
    [
      8.05,
      -3.750000000000001,
      3.9999999999999982,
      0.0,
      1
    ],
    [
      8.05,
      -2.750000000000001,
      3.9999999999999982,
      0.0,
      1
    ],
    [
      2.6500000000000004,
      -6.000000000000001,
      -1.0,
      0.0,
      1
    ],
    [
      -0.0,
      -0.0,
      12.1,
      0.0,
      0
    ]
  ],
  "grids": [
    [
      0,
      1,
      5,
      12,
      16,
      23
    ],
    [
      1,
      5,
      12,
      16,
      17,
      23
    ],
    [
      1,
      3,
      5,
      12,
      15,
      16,
      23
    ],
    [
      1,
      5,
      12,
      16,
      23
    ],
    [
      1,
      5,
      6,
      12,
      16,
      23
    ],
    [
      1,
      5,
      12,
      16,
      23
    ],
    [
      1,
      5,
      12,
      16,
      23
    ],
    [
      1,
      5,
      12,
      16,
      23
    ],
    [
      1,
      5,
      10,
      12,
      16,
      23
    ],
    [
      1,
      5,
      12,
      16,
      23
    ],
    [
      1,
      5,
      12,
      16,
      23
    ],
    [
      1,
      5,
      11,
      12,
      13,
      16,
      23
    ],
    [
      0,
      16
    ],
    [
      16,
      17
    ],
    [
      3,
      15,
      16
    ],
    [
      16
    ],
    [
      6,
      16
    ],
    [
      16
    ],
    [
      16
    ],
    [
      16
    ],
    [
      10,
      16
    ],
    [
      16
    ],
    [
      16
    ],
    [
      11,
      13,
      16
    ],
    [
      0
    ],
    [],
    [
      3
    ],
    [],
    [
      6
    ],
    [],
    [],
    [],
    [
      10,
      21
    ],
    [
      21
    ],
    [
      21
    ],
    [
      11,
      13,
      21
    ],
    [
      0,
      2
    ],
    [
      2
    ],
    [
      2,
      3,
      7
    ],
    [
      7
    ],
    [
      6,
      7
    ],
    [],
    [],
    [
      9,
      20
    ],
    [
      9,
      10,
      18,
      22
    ],
    [
      22
    ],
    [
      22
    ],
    [
      11,
      13,
      22
    ],
    [
      0
    ],
    [],
    [
      3
    ],
    [],
    [],
    [],
    [],
    [
      19,
      20
    ],
    [
      8,
      18,
      19
    ],
    [],
    [],
    [
      11,
      13
    ],
    [
      0,
      4
    ],
    [],
    [
      3
    ],
    [],
    [],
    [],
    [],
    [],
    [
      8,
      14
    ],
    [
      14
    ],
    [
      14
    ],
    [
      11,
      13,
      14
    ]
  ]
}