{
  "max_pos": [
    12.1,
    6.05
  ],
  "min_pos": [
    -0.0,
    -6.05
  ],
  "obs_types": [
    [
      "area1_wall",
      16750899
    ],
    [
      "area1_hill",
      16750900
    ],
    [
      "area1_half",
      16750901
    ],
    [
      "area2_wall",
      2979328
    ],
    [
      "area2_hill",
      2979329
    ],
    [
      "area23_wall",
      8453888
    ],
    [
      "area3_wall",
      16776960
    ],
    [
      "silo_wall",
      16776961
    ],
    [
      "field",
      7612
    ],
    [
      "seedling",
      7613
    ],
    [
      "plant",
      7614
    ],
    [
      "silo",
      7615
    ],
    [
      "ignore",
      8421504
    ]
  ],
  "obs_lines": [
    [
      [
        0.049999999999998934,
        -6.000000000000001,
        0.0,
        5.875000000000001
      ],
      [
        0.049999999999998934,
        -6.000000000000001,
        3.0,
        0.0
      ],
      [
        0.049999999999998934,
        -0.125,
        4.0,
        0.0
      ],
      [
        4.049999999999999,
        -5.000000000000001,
        0.0,
        4.875000000000001
      ],
      [
        0.049999999999998934,
        0.125,
        0.0,
        5.875
      ],
      [
        0.049999999999998934,
        0.125,
        4.0,
        0.0
      ],
      [
        0.049999999999998934,
        6.0,
        3.0,
        0.0
      ],
      [
        4.049999999999999,
        5.0,
        0.0,
        -4.875
      ]
    ],
    [
      [
        4.049999999999999,
        5.0,
        -0.5,
        0.0
      ],
      [
        3.549999999999999,
        6.0,
        0.0,
        -1.0
      ],
      [
        3.549999999999999,
        -5.000000000000001,
        0.0,
        -1.0
      ],
      [
        4.049999999999999,
        -5.000000000000001,
        -0.5,
        0.0
      ],
      [
        4.049999999999999,
        6.0,
        -1.0,
        0.0
      ],
      [
        4.049999999999999,
        -6.000000000000001,
        -1.0,
        0.0
      ]
    ],
    [
      [
        0.29999999999999893,
        4.0,
        0.0,
        -3.25
      ],
      [
        0.29999999999999893,
        4.0,
        -0.25,
        0.0
      ],
      [
        0.29999999999999893,
        0.75,
        -0.25,
        0.0
      ],
      [
        0.29999999999999893,
        -0.75,
        0.0,
        -3.250000000000001
      ],
      [
        0.29999999999999893,
        -0.75,
        -0.25,
        0.0
      ],
      [
        0.29999999999999893,
        -4.000000000000001,
        -0.25,
        0.0
      ]
    ],
    [
      [
        7.05,
        6.0,
        -3.000000000000001,
        0.0
      ],
      [
        7.05,
        -6.000000000000001,
        -3.000000000000001,
        0.0
      ],
      [
        7.05,
        -2.2,
        0.0,
        -3.8000000000000007
      ],
      [
        8.05,
        -0.125,
        -4.000000000000002,
        0.0
      ],
      [
        8.05,
        -0.125,
        0.0,
        -1.0750000000000002
      ],
      [
        8.05,
        0.125,
        -4.000000000000002,
        0.0
      ],
      [
        8.05,
        0.125,
        0.0,
        1.0750000000000002
      ],
      [
        7.05,
        2.1999999999999997,
        0.0,
        3.8000000000000003
      ]
    ],
    [
      [
        12.049999999999999,
        -6.000000000000001,
        -3.9999999999999982,
        0.0
      ],
      [
        7.55,
        1.2000000000000002,
        0.0,
        0.9999999999999996
      ],
      [
        7.05,
        -2.2,
        1.0000000000000009,
        0.0
      ],
      [
        7.55,
        -2.2,
        0.0,
        1.0
      ],
      [
        8.05,
        -1.2000000000000002,
        -0.5000000000000009,
        0.0
      ],
      [
        8.05,
        3.25,
        3.9999999999999982,
        0.0
      ],
      [
        8.05,
        -3.250000000000001,
        3.9999999999999982,
        0.0
      ],
      [
        12.049999999999999,
        6.0,
        -3.9999999999999982,
        0.0
      ],
      [
        7.05,
        2.1999999999999997,
        1.0000000000000009,
        0.0
      ],
      [
        8.05,
        1.2000000000000002,
        -0.5000000000000009,
        0.0
      ]
    ],
    [
      [
        8.05,
        -2.2,
        0.0,
        -3.8000000000000007
      ],
      [
        12.049999999999999,
        -6.000000000000001,
        0.0,
        2.8500000000000014
      ],
      [
        8.05,
        2.1999999999999997,
        0.0,
        3.8000000000000003
      ],
      [
        12.049999999999999,
        6.0,
        0.0,
        -2.85
      ],
      [
        8.0,
        2.1999999999999997,
        0.0,
        3.8000000000000003
      ],
      [
        8.0,
        -2.2,
        0.0,
        -3.8000000000000007
      ]
    ],
    [
      [
        12.049999999999999,
        -6.000000000000001,
        -3.9999999999999982,
        0.0
      ],
      [
        12.049999999999999,
        -0.125,
        0.0,
        -3.0249999999999995
      ],
      [
        12.049999999999999,
        0.125,
        0.0,
        3.025
      ]
    ],
    [
      [
        12.049999999999999,
        -0.125,
        -3.9999999999999982,
        0.0
      ],
      [
        12.049999999999999,
        0.125,
        -3.9999999999999982,
        0.0
      ]
    ],
    [
      [
        5.199999999999999,
        -6.000000000000001,
        0.7000000000000002,
        0.0
      ],
      [
        0.049999999999998934,
        -5.8500000000000005,
        0.7000000000000011,
        0.0
      ],
      [
        0.049999999999998934,
        -5.1499999999999995,
        0.7000000000000011,
        0.0
      ],
      [
        0.75,
        -5.8500000000000005,
        0.0,
        0.7000000000000011
      ],
      [
        0.049999999999998934,
        -5.8500000000000005,
        0.0,
        0.7000000000000011
      ],
      [
        0.049999999999998934,
        -5.1000000000000005,
        0.7000000000000011,
        0.0
      ],
      [
        0.049999999999998934,
        -4.3999999999999995,
        0.7000000000000011,
        0.0
      ],
      [
        0.75,
        -5.1000000000000005,
        0.0,
        0.7000000000000011
      ],
      [
        0.049999999999998934,
        -5.1000000000000005,
        0.0,
        0.7000000000000011
      ],
      [
        5.199999999999999,
        6.0,
        0.7000000000000002,
        0.0
      ],
      [
        0.049999999999998934,
        5.1499999999999995,
        0.7000000000000011,
        0.0
      ],
      [
        0.049999999999998934,
        5.85,
        0.7000000000000011,
        0.0
      ],
      [
        0.75,
        5.1499999999999995,
        0.0,
        0.7000000000000002
      ],
      [
        0.049999999999998934,
        5.1499999999999995,
        0.0,
        0.7000000000000002
      ],
      [
        0.049999999999998934,
        4.4,
        0.7000000000000011,
        0.0
      ],
      [
        0.049999999999998934,
        5.1,
        0.7000000000000011,
        0.0
      ],
      [
        0.75,
        4.4,
        0.0,
        0.6999999999999993
      ],
      [
        0.049999999999998934,
        4.4,
        0.0,
        0.6999999999999993
      ],
      [
        3.549999999999999,
        5.0,
        -0.5,
        0.0
      ],
      [
        -0.0,
        -6.05,
        0.0,
        12.1
      ],
      [
        12.1,
        -6.05,
        0.0,
        12.1
      ],
      [
        -0.0,
        -6.05,
        12.1,
        0.0
      ],
      [
        -0.0,
        6.05,
        12.1,
        0.0
      ],
      [
        8.05,
        1.2000000000000002,
        0.0,
        0.9999999999999996
      ],
      [
        7.05,
        2.1999999999999997,
        1.0000000000000009,
        0.0
      ],
      [
        7.05,
        1.2000000000000002,
        0.0,
        0.9999999999999996
      ],
      [
        8.05,
